Date,Change in cases,Recent cases,Total cases,"Total cases  per 100,000",Total hospitalized,Total deaths,New tests,Daily % positive,Total tests,"Total tests  tests per 100,000",At least one dose,At least one dose % of Ontario  population,Completed primary series,Completed primary series % of Ontario  population
2020-11-01,948,11869,77655,527,6040,3152,27908,4,5144369,527,-,-,-,-
2020-11-02,1050,12237,78705,534.2,6070,3166,25279,4,5169648,534.2,-,-,-,-
2020-11-03,987,12493,79692,540.9,6126,3182,28567,3.7,5198215,540.9,-,-,-,-
2020-11-04,998,12732,80690,547.6,6159,3195,35754,3.3,5233969,547.6,-,-,-,-
2020-11-05,1003,12945,81693,554.5,6201,3209,41268,3.7,5275237,554.5,-,-,-,-
2020-11-06,1132,13063,82825,562.1,6229,3220,39165,3.5,5314402,562.1,-,-,-,-
2020-11-07,1328,13106,84153,571.1,6266,3223,37577,4.2,5351979,571.1,-,-,-,-
2020-11-08,1242,13356,85395,579.6,6304,3245,28401,5,5380380,579.6,-,-,-,-
2020-11-09,1388,13666,86783,589,6335,3260,29125,5.7,5409505,589,-,-,-,-
2020-11-10,1426,13951,88209,598.7,6365,3275,36707,5.1,5446212,598.7,-,-,-,-
2020-11-11,1575,14393,89784,609.4,6434,3293,39559,4.3,5485771,609.4,-,-,-,-
2020-11-12,1396,14928,91180,618.8,6466,3312,40509,4.5,5526280,618.8,-,-,-,-
2020-11-13,1581,15644,92761,629.6,-,3332,44837,4.2,5571117,629.6,-,-,-,-
2020-11-14,1248,16193,94009,638,6561,3361,42206,3.8,5613323,638,-,-,-,-
2020-11-15,1487,16886,95496,648.1,6619,3371,33351,4.1,5646674,648.1,-,-,-,-
2020-11-16,1249,17238,96745,656.6,6669,3383,26468,6.1,5673142,656.6,-,-,-,-
2020-11-17,1417,17755,98162,666.2,6741,3415,33440,4.5,5706582,666.2,-,-,-,-
2020-11-18,1210,17934,99372,674.4,6803,3443,41838,4.1,5748420,674.4,-,-,-,-
2020-11-19,1418,18349,100790,684.1,6847,3451,48173,3.6,5796593,684.1,-,-,-,-
2020-11-20,1588,18703,102378,694.8,6891,3472,46671,4.3,5843264,694.8,-,-,-,-
2020-11-21,1534,19303,103912,705.3,6942,3486,46389,3.8,5889653,705.3,-,-,-,-
2020-11-22,1589,19476,105501,716,6984,3505,37471,4.6,5927124,716,-,-,-,-
2020-11-23,1009,19768,106510,722.9,7011,3519,27053,5.8,5954177,722.9,-,-,-,-
2020-11-24,1373,19969,107883,732.2,7062,3554,36076,4.7,5990253,732.2,-,-,-,-
2020-11-25,1478,20100,109361,742.2,7145,3575,47576,3.9,6037829,742.2,-,-,-,-
2020-11-26,1855,20184,111216,754.8,7214,3595,58037,3.7,6095866,754.8,-,-,-,-
2020-11-27,1822,19971,113038,767.2,7287,3624,55086,3.4,6150952,767.2,-,-,-,-
2020-11-28,1708,20046,114746,778.8,7393,3648,53959,3.7,6204911,778.8,-,-,-,-
2020-11-29,1746,20238,116492,790.6,7438,3656,39406,4.6,6244317,790.6,-,-,-,-
2020-11-30,1707,20379,118199,802.2,-,3663,34640,5.1,6278957,802.2,-,-,-,-
2020-12-01,1723,20785,119922,813.9,5874,3698,44226,4.7,6323183,813.9,-,-,-,-
2020-12-02,1824,21212,121746,826.3,7601,3712,52873,4.4,6376056,826.3,-,-,-,-
2020-12-03,1780,21447,123526,838.4,7675,3737,56001,3.6,6432057,838.4,-,-,-,-
2020-12-04,1859,22031,125385,851,7745,3757,59399,3.4,6491456,851,-,-,-,-
2020-12-05,1924,22291,127309,864,7792,3772,59251,3.9,6550707,864,-,-,-,-
2020-12-06,1925,22747,129234,877.1,7858,3798,45283,4,6595990,877.1,-,-,-,-
2020-12-07,1676,22924,130910,888.5,7910,3808,39198,5,6635188,888.5,-,-,-,-
2020-12-08,1890,23536,132800,901.3,7984,3836,48546,4.4,6683734,901.3,-,-,-,-
2020-12-09,1983,24005,134783,914.8,-,3871,61809,3.6,6745543,914.8,-,-,-,-
2020-12-10,1848,24433,136631,927.3,8187,3916,63051,3.2,6808594,927.3,-,-,-,-
2020-12-11,1873,24844,138504,940,8246,3933,65260,3.2,6873854,940,-,-,-,-
2020-12-12,1677,25255,140181,951.4,8323,3949,58190,3.2,6932044,951.4,-,-,-,-
2020-12-13,1940,25263,142121,964.6,8378,3972,57091,4.6,6989135,964.6,-,-,-,-
2020-12-14,2275,25473,144396,980,8421,3992,39566,5.4,7028701,980,13,0,0,0
2020-12-15,2139,25715,146535,994.5,8494,4035,49189,5.1,7077890,994.5,471,0,0,0
2020-12-16,2432,26101,148967,1011,8585,4058,58178,4,7136068,1011,1192,0,0,0
2020-12-17,2290,26640,151257,1026.6,8665,4098,68246,3.9,7204314,1026.6,2232,0,0,0
2020-12-18,2357,27056,153614,1042.6,8751,4125,67207,4.2,7271521,1042.6,3332,0,0,0
2020-12-19,2316,27625,155930,1058.3,8805,4150,69412,3.6,7340933,1058.3,3386,0,0,0
2020-12-20,2123,28088,158053,1072.7,8867,4167,54505,4.7,7395438,1072.7,3449,0,1,0
2020-12-21,2202,28583,160255,1087.7,8914,4188,45265,5,7440703,1087.7,4267,0,1,0
2020-12-22,2408,28772,162663,1104,9006,4229,56660,4.8,7497363,1104,6673,0,1,0
2020-12-23,2447,29364,165110,1120.6,9120,4278,64592,3.7,7561955,1120.6,10391,0.1,1,0
2020-12-24,2159,29701,167269,1135.3,9189,4321,61465,3.4,7623420,1135.3,12305,0.1,1,0
2020-12-25,2142,30403,169411,1149.8,9309,4359,49511,3.8,7672931,1149.8,12322,0.1,1,0
2020-12-26,2005,30687,171416,1163.4,9365,4377,41783,5.1,7714714,1163.4,12393,0.1,1,0
2020-12-27,1939,30763,173355,1176.6,9455,4414,39565,8.6,7754279,1176.6,12630,0.1,1,0
2020-12-28,2553,30990,175908,1193.9,5685,4455,34112,9.7,7788391,1193.9,15060,0.1,1,0
2020-12-29,2923,31126,178831,1213.7,9600,4474,39210,8.4,7827601,1213.7,19874,0.1,3,0
2020-12-30,3328,31292,182159,1236.3,9707,4530,63858,6,7891459,1236.3,25575,0.2,3,0
2020-12-31,2476,31806,184635,1253.1,9795,4581,70570,5.3,7962029,1253.1,31694,0.2,3,0
2021-01-01,3363,32779,187998,1275.9,9921,4625,61401,6,8023430,1275.9,36251,0.2,3,0
2021-01-02,2964,33246,190962,1296.1,10021,4650,49803,5.6,8073233,1296.1,41442,0.3,6,0
2021-01-03,3270,34305,194232,1318.3,10091,4679,39121,9.7,8112354,1318.3,47311,0.3,6,0
2021-01-04,3128,35226,197360,1339.5,10182,4730,35152,9.4,8147506,1339.5,56768,0.4,21,0
2021-01-05,3266,35852,200626,1361.7,10308,4767,51045,8.5,8198551,1361.7,68676,0.5,464,0
2021-01-06,3519,36866,204145,1385.5,10452,4856,65772,6.1,8264323,1385.5,83299,0.6,1151,0
2021-01-07,4249,37935,208394,1414.4,10615,4882,71481,6.2,8335804,1414.4,99745,0.7,2144,0
2021-01-08,3443,38737,211837,1437.7,10755,4922,72900,5.3,8408704,1437.7,117304,0.8,3200,0
2021-01-09,3945,40308,215782,1464.5,10867,4983,62308,6.2,8471012,1464.5,128185,0.9,3233,0
2021-01-10,3338,42415,219120,1487.2,10969,5012,46403,7.7,8517415,1487.2,139335,0.9,3271,0
2021-01-11,2903,43959,222023,1506.9,11087,5053,44802,7.8,8562217,1506.9,152704,1,3557,0
2021-01-12,2961,45174,224984,1527,11196,5127,50931,6,8613148,1527,165576,1.1,5099,0
2021-01-13,3326,46167,228310,1549.5,11348,5189,71169,5.1,8684317,1549.5,180933,1.2,7486,0.1
2021-01-14,2998,46149,231308,1569.9,11524,5289,76472,4.6,8760789,1569.9,197512,1.3,9481,0.1
2021-01-15,3056,46020,234364,1590.6,11661,5340,73875,4.9,8834664,1590.6,212161,1.4,10639,0.1
2021-01-16,3422,46613,237786,1613.9,11806,5409,60183,5.2,8894847,1613.9,221336,1.5,11868,0.1
2021-01-17,2578,46191,240364,1631.4,11892,5433,40301,6.6,8935148,1631.4,227432,1.5,11932,0.1
2021-01-18,1913,46156,242277,1644.3,11970,5479,34531,6.8,8969679,1644.3,235930,1.6,14007,0.1
2021-01-19,2655,46013,244932,1662.4,12106,5568,54307,4.9,9023986,1662.4,242356,1.6,17550,0.1
2021-01-20,2632,44814,247564,1680.2,12231,5614,70256,4.3,9094242,1680.2,248367,1.7,21621,0.1
2021-01-21,2662,44116,250226,1698.3,12416,5701,71750,3.3,9165992,1698.3,252000,1.7,26294,0.2
2021-01-22,2359,43213,252585,1714.3,12588,5753,63453,4.5,9229445,1714.3,254509,1.7,30672,0.2
2021-01-23,2417,42256,255002,1730.7,12769,5803,48947,4.2,9278392,1730.7,256018,1.7,33204,0.2
2021-01-24,1958,40418,256960,1744,12848,5846,35968,5.5,9314360,1744,256929,1.7,37455,0.3
2021-01-25,1740,39095,258700,1755.8,12923,5909,30717,5.9,9345077,1755.8,259341,1.8,43922,0.3
2021-01-26,1670,37624,260370,1767.1,13073,5958,55191,4,9400268,1767.1,261746,1.8,50903,0.3
2021-01-27,2093,36370,262463,1781.3,13183,6014,64664,3.3,9464932,1781.3,266298,1.8,58158,0.4
2021-01-28,1837,35184,264300,1793.8,13291,6072,69040,3.3,9533972,1793.8,268996,1.8,65269,0.4
2021-01-29,2063,34028,266363,1807.8,13367,6145,59594,3.3,9593566,1807.8,271280,1.8,71588,0.5
2021-01-30,1848,32654,268211,1820.4,13499,6188,49352,3.7,9642918,1820.4,272578,1.8,73106,0.5
2021-01-31,1969,31668,270180,1833.7,13533,6224,30359,5.2,9673277,1833.7,273007,1.9,74486,0.5
2021-02-01,745,30245,270925,1838.8,13486,6238,28552,4.6,9701829,1838.8,274225,1.9,77045,0.5
2021-02-02,1172,29181,272097,1846.7,13581,6305,52418,3.3,9754247,1846.7,275795,1.9,80861,0.5
2021-02-03,1563,28523,273660,1857.3,13695,6393,64467,2.6,9818714,1857.3,277353,1.9,87008,0.6
2021-02-04,1670,27416,275330,1868.7,13786,6438,62710,2.5,9881424,1868.7,278701,1.9,92817,0.6
2021-02-05,1388,26422,276718,1878.1,13869,6483,62341,2.6,9943765,1878.1,280381,1.9,100189,0.7
2021-02-06,1489,25254,278207,1888.2,13966,6505,51658,2.8,9995423,1888.2,281771,1.9,105230,0.7
2021-02-07,1265,24275,279472,1896.8,14028,6538,28303,4.4,10023726,1896.8,284332,1.9,109645,0.7
2021-02-08,1022,23303,280494,1903.7,14080,6555,30798,3.3,10054524,1903.7,287641,2,119399,0.8
2021-02-09,1072,22597,281566,1911,14149,6596,52504,2.5,10107028,1911,291958,2,128968,0.9
2021-02-10,945,21692,282511,1917.4,14190,6614,68812,2.3,10175840,1917.4,295348,2,140388,1
2021-02-11,1076,21008,283587,1924.7,14228,6632,62012,2.2,10237852,1924.7,297229,2,154765,1.1
2021-02-12,1300,20271,284887,1933.5,14291,6651,58760,2.3,10296612,1933.5,299437,2,167731,1.1
2021-02-13,981,19656,285868,1940.2,14381,6693,48701,2.6,10345313,1940.2,300263,2,179175,1.2
2021-02-14,964,18885,286832,1946.7,14430,6706,30355,3.3,10375668,1946.7,300698,2,186247,1.3
2021-02-15,904,18165,287736,1952.9,14477,6719,27005,3.6,10402673,1952.9,301652,2,190883,1.3
2021-02-16,847,17511,288583,1958.6,14528,6729,33977,3,10436650,1958.6,303134,2.1,199105,1.4
2021-02-17,1038,17008,289621,1965.7,14600,6773,56165,2.2,10492815,1965.7,305951,2.1,209418,1.4
2021-02-18,1150,16608,290771,1973.5,14668,6820,65372,2.1,10558187,1973.5,311863,2.1,221235,1.5
2021-02-19,1228,16169,291999,1981.8,14744,6848,57194,2.2,10615381,1981.8,322673,2.2,232357,1.6
2021-02-20,1087,15773,293086,1989.2,14806,6861,48178,2.7,10663559,1989.2,332809,2.3,238999,1.6
2021-02-21,1058,15581,294144,1996.4,14851,6872,31163,3.3,10694722,1996.4,341317,2.3,243693,1.7
2021-02-22,975,15298,295119,2003,14894,6884,25979,4.2,10720701,2003,352151,2.4,250122,1.7
2021-02-23,1054,15213,296173,2010.1,14959,6893,54852,2.4,10775553,2010.1,365407,2.5,254746,1.7
2021-02-24,1138,15098,297311,2017.9,15008,6916,66351,2,10841904,2017.9,381548,2.6,258739,1.8
2021-02-25,1258,15029,298569,2026.4,15066,6944,64049,2.3,10905953,2026.4,402983,2.7,261538,1.8
2021-02-26,1185,15023,299754,2034.4,15135,6960,59416,2.1,10965369,2034.4,426208,2.9,264783,1.8
2021-02-27,1062,14905,300816,2041.6,15194,6980,49185,2.4,11014554,2041.6,445106,3,266035,1.8
2021-02-28,1023,14924,301839,2048.6,15231,6986,35015,3.1,11049569,2048.6,461921,3.1,267008,1.8
2021-03-01,966,14864,302805,2055.1,15287,6997,30767,2.9,11080336,2055.1,483825,3.3,268968,1.8
2021-03-02,958,14971,303763,2061.6,15324,7014,52613,2.4,11132949,2061.6,511281,3.5,271163,1.8
2021-03-03,994,15046,304757,2068.4,15371,7024,65643,2.1,11198592,2068.4,542971,3.7,273045,1.9
2021-03-04,1250,15100,306007,2076.9,15430,7046,64748,2.3,11263340,2076.9,580223,3.9,274653,1.9
2021-03-05,990,15256,306997,2083.6,15461,7052,57829,2.3,11321169,2083.6,621151,4.2,276618,1.9
2021-03-06,1299,15281,308296,2092.4,15530,7067,46586,3.1,11367755,2092.4,651979,4.4,277585,1.9
2021-03-07,1631,15309,309927,2103.5,15581,7077,38063,3.4,11405818,2103.5,673622,4.6,279190,1.9
2021-03-08,1185,15387,311112,2111.5,15625,7083,33264,3.7,11439082,2111.5,702472,4.8,282164,1.9
2021-03-09,1316,15521,312428,2120.5,15678,7099,54149,2.5,11493231,2120.5,735504,5,285907,1.9
2021-03-10,1092,15778,313520,2127.9,15747,7109,60619,2.4,11553850,2127.9,774880,5.3,288728,2
2021-03-11,1371,16026,314891,2137.2,15812,7127,64611,2.4,11618461,2137.2,819494,5.6,290252,2
2021-03-12,1468,16128,316359,2147.1,15860,7138,58431,2.9,11676892,2147.1,873108,5.9,292868,2
2021-03-13,1747,16280,318106,2159,15908,7153,47618,3.1,11724510,2159,914343,6.2,293943,2
2021-03-14,1268,16500,319374,2167.6,15971,7162,33975,3.8,11758485,2167.6,944774,6.4,295468,2
2021-03-15,1074,16994,320448,2174.9,16001,7173,28526,4.5,11787011,2174.9,995163,6.8,297549,2
2021-03-16,1508,17292,321956,2185.1,16060,7187,49128,3.5,11836139,2185.1,1052295,7.1,299805,2
2021-03-17,1553,17542,323509,2195.7,16125,7202,58560,3.1,11894699,2195.7,1109912,7.5,302068,2.1
2021-03-18,1745,17841,325254,2207.5,16183,7212,56134,3.3,11950833,2207.5,1169464,7.9,305104,2.1
2021-03-19,1829,18219,327083,2219.9,16236,7223,52083,3.6,12002916,2219.9,1227966,8.3,307469,2.1
2021-03-20,1791,18777,328874,2232.1,16310,7241,49233,3.7,12052149,2232.1,1269401,8.6,308853,2.1
2021-03-21,1699,19332,330573,2243.6,16352,7244,31089,5.4,12083238,2243.6,1298729,8.8,309750,2.1
2021-03-22,1546,19862,332119,2254.1,16409,7253,32556,5.7,12115794,2254.1,1349221,9.2,312297,2.1
2021-03-23,1571,20302,333690,2264.8,16467,7263,51962,3.8,12167756,2264.8,1420891,9.6,315226,2.1
2021-03-24,2380,20760,336070,2280.9,16541,7280,60077,3.8,12227833,2280.9,1499555,10.2,317613,2.2
2021-03-25,2169,21275,338239,2295.6,16616,7292,53436,3.8,12281269,2295.6,1581348,10.7,320921,2.2
2021-03-26,2453,21901,340692,2312.3,16681,7308,61005,4.5,12342274,2312.3,1657659,11.3,323582,2.2
2021-03-27,2448,22801,343140,2328.9,16770,7327,50227,4.5,12392501,2328.9,1721906,11.7,325026,2.2
2021-03-28,2094,23614,345234,2343.1,16827,7337,39470,6.1,12431971,2343.1,1770163,12,327539,2.2
2021-03-29,2336,24557,347570,2359,16911,7351,36071,6.2,12468042,2359,1839069,12.5,330692,2.2
2021-03-30,2333,25374,349903,2374.8,17005,7366,52532,4.8,12520574,2374.8,1927158,13.1,334081,2.3
2021-03-31,2557,26410,352460,2392.2,17095,7389,62290,4.8,12582864,2392.2,2011202,13.7,337709,2.3
2021-04-01,3089,27401,355549,2413.1,17187,7412,62333,4.6,12645197,2413.1,2098566,14.2,341672,2.3
2021-04-02,3009,28337,358558,2433.5,17285,7428,59117,5,12704314,2433.5,2157027,14.6,343274,2.3
2021-04-03,3041,29462,361599,2454.2,17367,7440,46380,6.5,12750694,2454.2,2226775,15.1,344815,2.3
2021-04-04,2938,30725,364537,2474.1,17473,7450,36563,7.8,12787257,2474.1,2279474,15.5,345222,2.3
2021-04-05,3065,31993,367602,2494.9,17568,7458,37541,8.9,12824798,2494.9,2356348,16,346970,2.4
2021-04-06,3215,33236,370817,2516.7,17665,7475,49889,6.7,12874687,2516.7,2460092,16.7,349834,2.4
2021-04-07,3295,34613,374112,2539.1,17799,7494,63846,6,12938533,2539.1,2569040,17.4,353606,2.4
2021-04-08,4227,35824,378339,2567.8,18000,7512,61410,6.3,12999943,2567.8,2673405,18.1,357656,2.4
2021-04-09,3813,37469,382152,2593.7,18161,7531,61439,6.5,13061382,2593.7,2777709,18.9,361259,2.5
2021-04-10,4456,39049,386608,2623.9,18426,7552,56378,7.7,13117760,2623.9,2872335,19.5,364345,2.5
2021-04-11,4401,40757,391009,2653.8,18553,7567,47929,9.5,13165689,2653.8,2946799,20,365394,2.5
2021-04-12,3670,42072,394679,2678.7,18677,7582,42167,10.3,13207856,2678.7,3041933,20.6,368574,2.5
2021-04-13,4156,44592,398835,2706.9,18868,7610,54211,8.6,13262067,2706.9,3154238,21.4,371966,2.5
2021-04-14,4736,46397,403571,2739,19164,7639,65559,8,13327626,2739,3262718,22.1,375603,2.5
2021-04-15,4812,48187,408383,2771.7,19367,7664,64304,8.2,13391930,2771.7,3375480,22.9,379483,2.6
2021-04-16,4362,50067,412745,2801.3,19541,7698,56852,6.9,13448782,2801.3,3482355,23.6,383627,2.6
2021-04-17,4250,52130,416995,2830.2,19836,7716,53776,9.2,13502558,2830.2,3568251,24.2,385563,2.6
2021-04-18,4447,53878,421442,2860.3,20039,7735,42873,10.5,13545431,2860.3,3635285,24.7,386906,2.6
2021-04-19,3469,54556,424911,2883.9,20198,7757,40596,10,13586027,2883.9,3733079,25.3,389765,2.6
2021-04-20,4212,56184,429123,2912.5,20440,7789,51877,7.9,13637904,2912.5,3869897,26.3,393510,2.7
2021-04-21,3682,57411,432805,2937.5,20696,7829,54246,7.8,13692150,2937.5,4004286,27.2,397092,2.7
2021-04-22,4505,58120,437310,2968,20917,7863,56206,8.8,13748356,2968,4135205,28.1,402845,2.7
2021-04-23,4094,58671,441404,2995.8,21195,7887,52160,7.8,13800516,2995.8,4260628,28.9,406396,2.8
2021-04-24,3947,58880,445351,3022.6,21388,7911,46694,8.7,13847210,3022.6,4358717,29.6,409314,2.8
2021-04-25,3510,59457,448861,3046.4,21561,7935,33822,10.9,13881032,3046.4,4427627,30.1,410749,2.8
2021-04-26,3265,59468,452126,3068.6,21732,7964,34000,10.2,13915032,3068.6,4522409,30.7,413329,2.8
2021-04-27,3480,58620,455606,3092.2,21929,7988,50194,7.2,13965226,3092.2,4637596,31.5,417470,2.8
2021-04-28,3871,58296,459477,3118.5,22131,8029,56939,7.6,14022165,3118.5,4756132,32.3,422178,2.9
2021-04-29,3887,57343,463364,3144.9,22381,8050,53074,7.4,14075239,3144.9,4865970,33,426819,2.9
2021-04-30,3369,56601,466733,3167.7,22598,8079,46803,7.3,14122042,3167.7,4972709,33.7,430106,2.9
2021-05-01,3732,55458,470465,3193.1,22793,8102,45301,8.5,14167343,3193.1,5048382,34.3,432740,2.9
2021-05-02,3436,54378,473901,3216.4,22919,8118,33179,9.7,14200522,3216.4,5103167,34.6,434211,2.9
2021-05-03,2791,53893,476692,3235.3,23069,8143,33740,9.1,14234262,3235.3,5191157,35.2,437218,3
2021-05-04,2941,52867,479633,3255.3,23205,8187,45767,6.6,14280029,3255.3,5323715,36.1,441533,3
2021-05-05,3424,51794,483057,3278.5,23397,8213,54118,6.8,14334147,3278.5,5459857,37.1,445953,3
2021-05-06,3166,50735,486223,3300,23571,8236,51338,7,14385485,3300,5604260,38,450374,3.1
2021-05-07,2864,49659,489087,3319.4,23760,8261,47817,6.8,14433302,3319.4,5741307,39,454474,3.1
2021-05-08,3216,48933,492303,3341.3,23914,8308,38540,7.1,14471842,3341.3,5861936,39.8,457735,3.1
2021-05-09,2716,47842,495019,3359.7,24038,8327,27175,9.1,14499017,3359.7,5957432,40.4,459452,3.1
2021-05-10,2073,46797,497092,3373.8,24155,8342,28109,8.5,14527126,3373.8,6065627,41.2,463648,3.1
2021-05-11,2320,45718,499412,3389.5,24294,8374,45681,6.4,14572807,3389.5,6202904,42.1,470137,3.2
2021-05-12,2759,44416,502171,3408.2,24486,8405,47638,5.7,14620445,3408.2,6337491,43,476923,3.2
2021-05-13,2362,43400,504533,3424.3,24625,8431,44040,6.1,14664485,3424.3,6475509,43.9,486498,3.3
2021-05-14,2584,42492,507117,3441.8,24743,8455,42320,6.2,14706805,3441.8,6624467,45,496023,3.4
2021-05-15,2199,41107,509316,3456.7,24892,8485,33142,6.8,14739947,3456.7,6759951,45.9,503890,3.4
2021-05-16,2170,39662,511486,3471.5,24943,8489,24498,7.9,14764445,3471.5,6870405,46.6,507732,3.4
2021-05-17,1616,38743,513102,3482.4,25075,8506,22915,7.6,14787360,3482.4,6970254,47.3,518138,3.5
2021-05-18,1588,37271,514690,3493.2,25199,8525,38422,5.2,14825782,3493.2,7103080,48.2,534031,3.6
2021-05-19,2400,36016,517090,3509.5,25334,8552,45406,5.2,14871188,3509.5,7233976,49.1,553501,3.8
2021-05-20,1890,35015,518980,3522.3,25453,8579,37126,5.4,14908314,3522.3,7374123,50,577406,3.9
2021-05-21,1794,34057,520774,3534.5,25564,8599,34576,6,14942890,3534.5,7545536,51.2,604007,4.1
2021-05-22,1691,32906,522465,3546,25963,8614,31227,5.7,14974117,3546,7672357,52.1,616048,4.2
2021-05-23,1446,31350,523911,3555.8,26066,8622,20151,6.4,14994268,3555.8,7765238,52.7,622710,4.2
2021-05-24,1039,30266,524950,3562.8,26127,8655,16857,6.2,15011125,3562.8,7847586,53.3,629817,4.3
2021-05-25,1095,29147,526045,3570.3,26241,8678,24008,5.3,15035133,3570.3,7959907,54,656020,4.5
2021-05-26,1135,28085,527180,3578,26366,8697,37705,3.6,15072838,3578,8082170,54.9,684465,4.6
2021-05-27,1273,27028,528453,3586.6,26434,8711,40866,3.4,15113704,3586.6,8213633,55.7,715340,4.9
2021-05-28,1057,25475,529510,3593.8,26493,8726,33559,3.6,15147263,3593.8,8329986,56.5,751029,5.1
2021-05-29,1033,24085,530543,3600.8,26559,8744,26565,4.2,15173828,3600.8,8448345,57.3,781276,5.3
2021-05-30,916,22944,531459,3607,26602,8757,18226,4.3,15192054,3607,8527740,57.9,800322,5.4
2021-05-31,699,21554,532158,3611.8,26629,8766,20262,3.6,15212316,3611.8,8617592,58.5,833133,5.7
2021-06-01,733,20411,532891,3616.7,26703,8791,31768,2.8,15244084,3616.7,8719031,59.2,875388,5.9
2021-06-02,870,19439,533761,3622.6,26765,8801,34277,2.8,15278361,3622.6,8818131,59.8,929642,6.3
2021-06-03,914,18491,534675,3628.8,26814,8820,32258,2.8,15310619,3628.8,8932935,60.6,994597,6.8
2021-06-04,744,17374,535419,3633.9,26858,8844,27819,3.1,15338438,3633.9,9035573,61.3,1061843,7.2
2021-06-05,663,16093,536082,3638.4,26907,8854,22635,2.8,15361073,3638.4,9126812,61.9,1132305,7.7
2021-06-06,525,15133,536607,3642,26931,8869,15177,3.6,15376250,3642,9189468,62.4,1188013,8.1
2021-06-07,469,13974,537076,3645.1,26967,8887,17579,2.7,15393829,3645.1,9261361,62.9,1276213,8.7
2021-06-08,411,12981,537487,3647.9,27029,8920,30456,2,15424285,3647.9,9331604,63.3,1385377,9.4
2021-06-09,590,12264,538077,3651.9,27074,8931,31423,2,15455708,3651.9,9397462,63.8,1502966,10.2
2021-06-10,574,11662,538651,3655.8,27106,8935,28949,2,15484657,3655.8,9464440,64.2,1638293,11.1
2021-06-11,502,11182,539153,3659.2,27151,8950,24099,2.1,15508756,3659.2,9526585,64.7,1773657,12
2021-06-12,530,10572,539683,3662.8,27190,8957,20731,2.6,15529487,3662.8,9585002,65.1,1903652,12.9
2021-06-13,447,9861,540130,3665.9,27212,8961,13588,2.8,15543075,3665.9,9623431,65.3,2001628,13.6
2021-06-14,296,9333,540426,3667.9,27266,8974,17162,2.3,15560237,3667.9,9665601,65.6,2146808,14.6
2021-06-15,384,8706,540810,3670.5,27299,8986,28076,1.5,15588313,3670.5,9707671,65.9,2308805,15.7
2021-06-16,370,8355,541180,3673,27327,8993,30454,1.3,15618767,3673,9745200,66.1,2479454,16.8
2021-06-17,345,8039,541525,3675.3,27364,8994,26643,1.4,15645410,3675.3,9780166,66.4,2659342,18
2021-06-18,355,7603,541880,3677.7,27407,9007,25368,1.4,15670778,3677.7,9815297,66.6,2837941,19.3
2021-06-19,318,7109,542198,3679.9,27433,9019,21063,1.7,15691841,3679.9,9850548,66.9,2987290,20.3
2021-06-20,270,6615,542468,3681.7,27460,9022,13828,2.5,15705669,3681.7,9871182,67,3085912,20.9
2021-06-21,296,6238,542764,3683.7,27575,9082,16784,1.6,15722453,3683.7,9898280,67.2,3261587,22.1
2021-06-22,255,5925,543019,3685.5,27614,9093,27364,1.2,15749817,3685.5,9926509,67.4,3461584,23.5
2021-06-23,296,5695,543315,3687.5,27645,9099,29514,1.1,15779331,3687.5,9952828,67.6,3660583,24.8
2021-06-24,256,5469,543571,3689.2,27643,9101,26561,1.3,15805892,3689.2,9980408,67.7,3881638,26.3
2021-06-25,346,5226,543917,3691.6,27701,9114,25626,1.1,15831518,3691.6,10010042,67.9,4111089,27.9
2021-06-26,287,4925,544204,3693.5,27729,9126,18524,1.5,15850042,3693.5,10037526,68.1,4286870,29.1
2021-06-27,210,4714,544414,3694.9,27752,9129,13071,1.8,15863113,3694.9,10058333,68.3,4464070,30.3
2021-06-28,299,4511,544713,3697,27855,9154,28306,1.6,15891419,3697,10082529,68.4,4687976,31.8
2021-06-29,184,4317,544897,3698.2,27879,9168,27258,1,15918677,3698.2,10106392,68.6,4937516,33.5
2021-06-30,284,4173,545181,3700.2,27896,9187,26929,0.9,15945606,3700.2,10131378,68.8,5182308,35.2
2021-07-01,200,4004,545381,3701.5,27925,9196,25161,0.9,15970767,3701.5,10142652,68.8,5314569,36.1
2021-07-02,209,3874,545590,3702.9,27943,9205,17080,1,15987847,3702.9,10162219,69,5510323,37.4
2021-07-03,213,3743,545803,3704.4,27962,9214,18989,1.3,16006836,3704.4,10181247,69.1,5686079,38.6
2021-07-04,170,3579,545973,3705.5,27976,9215,12949,1.3,16019785,3705.5,10193533,69.2,5821783,39.5
2021-07-05,244,3454,546217,3707.2,28004,9224,15806,0.9,16035591,3707.2,10213173,69.3,6020762,40.9
2021-07-06,194,3372,546411,3708.5,28023,9224,26976,0.9,16062567,3708.5,10235830,69.5,6243196,42.4
2021-07-07,210,3263,546621,3709.9,28044,9228,25857,0.8,16088424,3709.9,10256788,69.6,6451864,43.8
2021-07-08,183,3189,546804,3711.2,28053,9237,26101,0.7,16114525,3711.2,10277997,69.8,6656226,45.2
2021-07-09,179,3141,546983,3712.4,28079,9245,23695,0.6,16138220,3712.4,10298221,69.9,6843755,46.4
2021-07-10,166,3070,547149,3713.5,-,9251,19651,0.9,16157871,3713.5,10315600,70,6997115,47.5
2021-07-11,114,2935,547263,3714.3,28097,9251,15933,0.9,16173804,3714.3,10326894,70.1,7108331,48.2
2021-07-12,146,2794,547409,3715.3,28109,9258,17489,0.8,16191293,3715.3,10345569,70.2,7266886,49.3
2021-07-13,153,2697,547562,3716.3,28119,9265,29085,0.6,16220378,3716.3,10364531,70.3,7426626,50.4
2021-07-14,143,2615,547705,3717.3,28139,9275,31329,0.5,16251707,3717.3,10383780,70.5,7573250,51.4
2021-07-15,159,2550,547864,3718.4,28152,9285,28126,0.6,16279833,3718.4,10403343,70.6,7721764,52.4
2021-07-16,176,2463,548040,3719.6,28163,9288,21392,0.6,16301225,3719.6,10423245,70.7,7873558,53.4
2021-07-17,177,2369,548217,3720.8,28173,9294,14805,1,16316030,3720.8,10438912,70.8,7990632,54.2
2021-07-18,130,2363,548347,3721.6,28179,9294,11567,1,16327597,3721.6,10449152,70.9,8071787,54.8
2021-07-19,127,2353,548474,3722.5,28190,9296,13586,0.9,16341183,3722.5,10465805,71,8187725,55.6
2021-07-20,135,2287,548609,3723.4,28200,9300,20750,0.8,16361933,3723.4,10482521,71.1,8310056,56.4
2021-07-21,185,2248,548794,3724.7,28210,9307,19599,0.9,16381532,3724.7,10499810,71.3,8417178,57.1
2021-07-22,192,2245,548986,3726,28211,9308,19757,0.9,16401289,3726,10516493,71.4,8519546,57.8
2021-07-23,170,2185,549156,3727.1,28221,9311,19131,0.8,16420420,3727.1,10534566,71.5,8627025,58.6
2021-07-24,172,2141,549328,3728.3,28233,9313,13902,1.1,16434322,3728.3,10549169,71.6,8715187,59.2
2021-07-25,119,2165,549447,3729.1,28239,9316,11930,1,16446252,3729.1,10558901,71.7,8771607,59.5
2021-07-26,129,2162,549576,3730,28248,9321,13644,1,16459896,3730,10573913,71.8,8847950,60.1
2021-07-27,158,2157,549734,3731.1,28257,9325,20527,0.8,16480423,3731.1,10590032,71.9,8924702,60.6
2021-07-28,218,2165,549952,3732.5,28259,9328,19425,1.3,16499848,3732.5,10606405,72,8996619,61.1
2021-07-29,226,2178,550178,3734.1,28273,9339,20993,1.1,16520841,3734.1,10622141,72.1,9063854,61.5
2021-07-30,258,2195,550436,3735.8,28283,9345,19112,1.2,16539953,3735.8,10637481,72.2,9131293,62
2021-07-31,218,2291,550654,3737.3,28292,9347,14122,1.4,16554075,3737.3,10648560,72.3,9181302,62.3
2021-08-01,168,2374,550822,3738.4,28299,9348,11658,1.3,16565733,3738.4,10655735,72.3,9215980,62.5
2021-08-02,164,2426,550986,3739.6,28307,9349,11515,1.1,16577248,3739.6,10661390,72.4,9242718,62.7
2021-08-03,139,2460,551125,3740.5,28319,9360,17115,1.2,16594363,3740.5,10673463,72.4,9291004,63.1
2021-08-04,213,2478,551338,3741.9,28328,9374,23494,1.2,16617857,3741.9,10685746,72.5,9337304,63.4
2021-08-05,340,2489,551678,3744.2,28345,9392,23448,1.4,16641305,3744.2,10697314,72.6,9380738,63.7
2021-08-06,378,2532,552056,3746.8,28359,9401,20858,1.8,16662163,3746.8,10709186,72.7,9430344,64
2021-08-07,423,2626,552479,3749.7,28363,9407,14963,2,16677126,3749.7,10718215,72.7,9469165,64.3
2021-08-08,325,2792,552804,3751.9,28372,9407,15805,2.3,16692931,3751.9,10723985,72.8,9493715,64.4
2021-08-09,321,3068,553125,3754.1,28391,9409,16479,1.7,16709410,3754.1,10734239,72.9,9531763,64.7
2021-08-10,324,3249,553449,3756.3,28406,9412,24772,1.7,16734182,3756.3,10744748,72.9,9569087,64.9
2021-08-11,513,3463,553962,3759.7,28417,9412,22896,2.1,16757078,3759.7,10755704,73,9606523,65.2
2021-08-12,510,3670,554472,3763.2,28435,9416,23586,2,16780664,3763.2,10767223,73.1,9643764,65.5
2021-08-13,578,3892,555050,3767.1,28456,9418,23468,2.4,16804132,3767.1,10779139,73.2,9682263,65.7
2021-08-14,511,4190,555561,3770.6,28475,9418,19192,2.6,16823324,3770.6,10788763,73.2,9713635,65.9
2021-08-15,526,4471,556087,3774.2,28479,9418,15784,2.7,16839108,3774.2,10794824,73.3,9733854,66.1
2021-08-16,348,4775,556435,3776.5,28498,9428,17408,2.6,16856516,3776.5,10805670,73.3,9762715,66.3
2021-08-17,485,5085,556920,3779.8,28523,9431,26307,2.5,16882823,3779.8,10817435,73.4,9792062,66.5
2021-08-18,531,5380,557451,3783.4,28543,9448,26213,2.4,16909036,3783.4,10833747,73.5,9820851,66.7
2021-08-19,650,5668,558101,3787.8,28572,9450,28635,2.4,16937671,3787.8,10849826,73.6,9850269,66.9
2021-08-20,689,5947,558790,3792.5,28597,9451,26096,2.7,16963767,3792.5,10864810,73.7,9882380,67.1
2021-08-21,722,6346,559512,3797.4,28623,9453,23075,3.2,16986842,3797.4,10875478,73.8,9905395,67.2
2021-08-22,639,6706,560151,3801.8,28644,9453,19866,2.8,17006708,3801.8,10882389,73.9,9921263,67.3
2021-08-23,486,6972,560637,3805.1,28717,9471,17369,3,17024077,3805.1,10895564,73.9,9944759,67.5
2021-08-24,660,7346,561297,3809.5,28788,9472,26406,2.4,17050483,3809.5,10909758,74,9970737,67.7
2021-08-25,678,7456,561975,3814.1,28820,9472,27815,2.8,17078298,3814.1,10923136,74.1,9995341,67.8
2021-08-26,781,7632,562756,3819.4,28861,9489,30063,3,17108361,3819.4,10935866,74.2,10018656,68
2021-08-27,835,7885,563591,3825.1,28900,9496,28528,2.6,17136889,3825.1,10949108,74.3,10043776,68.2
2021-08-28,740,8163,564331,3830.1,28920,9498,22890,3.3,17159779,3830.1,10959183,74.4,10063384,68.3
2021-08-29,694,8508,565025,3834.8,28936,9498,18561,3.6,17178340,3834.8,10965239,74.4,10075082,68.4
2021-08-30,525,8720,565550,3838.4,28961,9503,19643,3.1,17197983,3838.4,10977029,74.5,10094412,68.5
2021-08-31,656,8915,566206,3842.8,29001,9516,27572,2.9,17225555,3842.8,10989802,74.6,10115967,68.7
2021-09-01,865,9043,567071,3848.7,29042,9530,27293,3,17252848,3848.7,11005280,74.7,10135301,68.8
2021-09-02,807,9219,567878,3854.2,29080,9536,28786,3.2,17281634,3854.2,11026180,74.8,10157424,68.9
2021-09-03,944,9511,568822,3860.6,29124,9545,26259,3.5,17307893,3860.6,11046633,75,10181867,69.1
2021-09-04,811,9670,569633,3866.1,29160,9548,22410,0,17330303,3866.1,11060718,75.1,10200155,69.2
2021-09-05,581,9833,570214,3870.1,29182,9550,19200,3.6,17349503,3870.1,11070116,75.1,10212011,69.3
2021-09-06,564,9977,570778,3873.9,29202,9553,17118,3.4,17366621,3873.9,11076706,75.2,10219881,69.4
2021-09-07,554,9948,571332,3877.6,29245,9569,21840,3.3,17388461,3877.6,11093656,75.3,10240534,69.5
2021-09-08,798,10084,572130,3883.1,29298,9579,29684,3.1,17418145,3883.1,11110507,75.4,10259927,69.6
2021-09-09,848,10094,572978,3888.8,29330,9590,28247,3.1,17446392,3888.8,11125853,75.5,10278650,69.8
2021-09-10,857,10137,573835,3894.6,29361,9605,26268,3.5,17472660,3894.6,11141620,75.6,10301704,69.9
2021-09-11,784,10191,574619,3899.9,29380,9611,23625,3.2,17496285,3899.9,11153002,75.7,10319317,70
2021-09-12,600,10143,575219,3904,29401,9617,19125,3.1,17515410,3904,11159319,75.7,10328330,70.1
2021-09-13,577,10227,575796,3907.9,29428,9624,21133,2.3,17536543,3907.9,11170736,75.8,10343392,70.2
2021-09-14,593,10224,576389,3912,29470,9629,33220,2.5,17569763,3912,11184598,75.9,10362576,70.3
2021-09-15,864,10230,577253,3917.8,29510,9632,34365,2.4,17604128,3917.8,11198421,76,10381586,70.5
2021-09-16,795,10144,578048,3923.2,29540,9637,33763,2.4,17637891,3923.2,11211876,76.1,10400656,70.6
2021-09-17,821,10168,578869,3928.8,29561,9647,30716,2.5,17668607,3928.8,11225819,76.2,10423857,70.7
2021-09-18,715,10117,579584,3933.6,29576,9653,29906,2.3,17698513,3933.6,11236552,76.3,10442632,70.9
2021-09-19,610,10080,580194,3937.8,29589,9655,23864,2.7,17722377,3937.8,11242571,76.3,10452701,70.9
2021-09-20,574,9988,580768,3941.7,29620,9663,23631,2.4,17746008,3941.7,11253671,76.4,10469501,71.1
2021-09-21,463,9983,581231,3944.8,29662,9670,39092,1.8,17785100,3944.8,11268392,76.5,10492225,71.2
2021-09-22,677,9909,581908,3949.4,29691,9677,37630,1.9,17822730,3949.4,11284419,76.6,10518000,71.4
2021-09-23,727,9974,582635,3954.4,29727,9688,36855,1.8,17859585,3954.4,11299915,76.7,10544377,71.6
2021-09-24,640,7346,583275,3958.7,29768,9698,33303,1.9,17892888,3958.7,11315068,76.8,10574052,71.8
2021-09-25,653,7456,583928,3963.1,29768,9704,31063,2,17923951,3963.1,11327394,76.9,10598263,71.9
2021-09-26,613,9597,584541,3967.3,29798,9704,22633,2,17946584,3967.3,11333870,76.9,10610453,72
2021-09-27,466,9397,585007,3970.5,29832,9715,23785,2.1,17970369,3970.5,11345060,77,10628089,72.1
2021-09-28,495,9302,585502,3973.8,29860,9723,36404,1.7,18006773,3973.8,11357407,77.1,10649588,72.3
2021-09-29,647,9171,586149,3978.2,29880,9732,38788,1.7,18045561,3978.2,11368947,77.2,10670717,72.4
2021-09-30,668,9137,586817,3982.7,29917,9743,35927,1.8,18081488,3982.7,11378640,77.2,10688892,72.5
2021-10-01,704,8908,587521,3987.5,29941,9750,28519,1.8,18110007,3987.5,11389680,77.3,10712282,72.7
2021-10-02,580,8787,588101,3991.5,29963,9752,32220,2,18142227,3991.5,11397786,77.4,10730444,72.8
2021-10-03,511,8608,588612,3994.9,29980,9754,23667,2,18165894,3994.9,11402475,77.4,10740176,72.9
2021-10-04,429,8455,589041,3997.8,30001,9757,25441,1.8,18191335,3997.8,11410990,77.4,10755806,73
2021-10-05,476,8344,589517,4001.1,30032,9771,39460,1.7,18230795,4001.1,11420554,77.5,10774049,73.1
2021-10-06,587,8328,590104,4005,30052,9776,37057,1.7,18267852,4005,11429831,77.6,10790954,73.2
2021-10-07,573,8131,590677,4008.9,30086,9786,37118,1.8,18304970,4008.9,11440471,77.6,10809576,73.4
2021-10-08,654,8146,591331,4013.4,30112,9788,31123,1.8,18336093,4013.4,11451045,77.7,10830337,73.5
2021-10-09,535,7978,591886,4017.1,30130,9790,29755,1.8,18365848,4017.1,11458646,77.8,10845242,73.6
2021-10-10,458,7992,592324,4020.1,30147,9792,20785,1.9,18386633,4020.1,11462417,77.8,10852995,73.7
2021-10-11,390,7907,592714,4022.8,30165,9792,18280,1.9,18404913,4022.8,11463972,77.8,10856098,73.7
2021-10-12,306,7784,593020,4024.8,30194,9804,23219,1.7,18428132,4024.8,11473074,77.9,10874008,73.8
2021-10-13,417,7694,593437,4027.7,30226,9807,35421,1.5,18463553,4027.7,11481895,77.9,10891568,73.9
2021-10-14,496,7569,593933,4031,30269,9809,35905,1.4,18499458,4031,11490637,78,10909547,74
2021-10-15,486,7341,594419,4034.3,30295,9814,32626,1.7,18532084,4034.3,11499490,78,10929275,74.2
2021-10-16,443,7077,594862,4037.3,30310,9813,27395,1.4,18559479,4037.3,11506659,78.1,10944501,74.3
2021-10-17,373,7029,595235,4039.9,30328,9815,20432,1.8,18579911,4039.9,11510368,78.1,10952572,74.3
2021-10-18,328,6911,595563,4042.1,30344,9819,20792,1.5,18600703,4042.1,11516861,78.2,10965017,74.4
2021-10-19,304,6742,595867,4044.2,30362,9823,31569,1.3,18632272,4044.2,11524325,78.2,10979774,74.5
2021-10-20,413,6589,596280,4047,30389,9827,31889,1.6,18664161,4047,11530924,78.3,10992625,74.6
2021-10-21,492,6485,596772,4050.3,30422,9839,28906,1.4,18693067,4050.3,11538121,78.3,11007508,74.7
2021-10-22,373,6227,597145,4052.8,30445,9845,27302,1.5,18720369,4052.8,11545642,78.4,11024441,74.8
2021-10-23,370,6117,597515,4055.3,30453,9846,25328,1.2,18745697,4055.3,11551326,78.4,11036857,74.9
2021-10-24,326,5872,597841,4057.6,30468,9846,18397,1.6,18764094,4057.6,11554009,78.4,11043248,75
2021-10-25,269,5716,598110,4059.4,30486,9852,21827,1.5,18785921,4059.4,11559299,78.5,11054160,75
2021-10-26,321,5539,598431,4061.6,30499,9862,30776,1.4,18816697,4061.6,11565278,78.5,11067142,75.1
2021-10-27,409,5418,598840,4064.3,30518,9865,31383,1.3,18848080,4064.3,11571004,78.5,11079585,75.2
2021-10-28,419,5364,599259,4067.2,30538,9865,29592,1.3,18877672,4067.2,11576642,78.6,11092451,75.3
2021-10-29,356,5322,599615,4069.6,30560,9869,26767,1.4,18904439,4069.6,11582594,78.6,11106869,75.4
2021-10-30,340,5412,599955,4071.9,30571,9871,25707,1.7,18930146,4071.9,11587112,78.6,11117325,75.5
2021-10-31,422,5229,600377,4074.8,30578,9874,19840,1.8,18949986,4074.8,11589144,78.7,11122305,75.5
2021-11-01,331,5087,600708,4077,30608,9881,20148,1.5,18970134,4077,11593430,78.7,11129921,75.5
2021-11-02,378,5134,601086,4079.6,30640,9886,32950,1.4,19003084,4079.6,11598401,78.7,11139360,75.6
2021-11-03,438,5103,601524,4082.6,30659,9891,32129,1.7,19035213,4082.6,11603183,78.8,11149198,75.7
2021-11-04,563,5128,602087,4086.4,30685,9896,30187,1.8,19065400,4086.4,11607492,78.8,11158576,75.7
2021-11-05,508,5182,602595,4089.8,30699,9896,30145,1.9,19095545,4089.8,11612602,78.8,11170552,75.8
2021-11-06,636,5260,603231,4094.1,30718,9898,27146,2,19122691,4094.1,11616563,78.8,11179328,75.9
2021-11-07,480,5376,603711,4097.4,30730,9900,22980,2.2,19145671,4097.4,11618609,78.9,11183981,75.9
2021-11-08,441,5565,604152,4100.4,30756,9903,19368,3.1,19165039,4100.4,11622376,78.9,11191427,76
2021-11-09,454,5786,604606,4103.5,30784,9912,33364,1.8,19198403,4103.5,11626786,78.9,11200214,76
2021-11-10,642,6034,605248,4107.8,30809,9916,29814,2.1,19228217,4107.8,11630997,78.9,11209133,76.1
2021-11-11,598,6133,605846,4111.9,30840,9921,30230,2.5,19258447,4111.9,11635068,79,11217180,76.1
2021-11-12,661,6375,606507,4116.4,30867,9927,26456,2.4,19284903,4116.4,11640067,79,11228402,76.2
2021-11-13,666,6508,607173,4120.9,30889,9934,24853,2.7,19309756,4120.9,11643900,79,11236876,76.3
2021-11-14,552,6794,607725,4124.6,30908,9937,21475,2.2,19331231,4124.6,11646049,79,11241285,76.3
2021-11-15,481,7086,608206,4127.9,30944,9938,18965,2.5,19350196,4127.9,11649907,79.1,11248600,76.3
2021-11-16,512,7261,608718,4131.4,30969,9950,28931,2.5,19379127,4131.4,11653890,79.1,11256232,76.4
2021-11-17,711,7421,609429,4136.2,30997,9955,34347,2,19413474,4136.2,11657681,79.1,11263586,76.4
2021-11-18,793,7589,610222,4141.6,31025,9959,30515,2.6,19443989,4141.6,11661486,79.1,11271164,76.5
2021-11-19,728,7837,610950,4146.5,31067,9964,30138,2.3,19474127,4146.5,11665791,79.2,11279871,76.6
2021-11-20,741,8020,611691,4151.6,31087,9967,29799,2.6,19503926,4151.6,11669170,79.2,11286690,76.6
2021-11-21,627,8300,612318,4155.8,31102,9968,19552,3.4,19523478,4155.8,11671076,79.2,11290481,76.6
2021-11-22,613,8366,612931,4160,31130,9974,19859,3.1,19543337,4160,11674281,79.2,11296331,76.7
2021-11-23,591,8561,613522,4164,31166,9981,30092,2.5,19573429,4164,11677963,79.3,11302957,76.7
2021-11-24,748,8668,614270,4169.1,31200,9985,33932,2.6,19607361,4169.1,11681825,79.3,11309352,76.8
2021-11-25,927,8827,615197,4175.4,31223,9991,33901,3,19641262,4175.4,11693119,79.4,11315797,76.8
2021-11-26,854,8987,616051,4181.1,31253,9993,31444,3,19672706,4181.1,11715400,79.5,11322673,76.8
2021-11-27,964,9139,617015,4187.7,31270,9994,29692,3.2,19702398,4187.7,11743079,79.7,11327845,76.9
2021-11-28,788,9431,617803,4193,31288,9997,26016,3.5,19728414,4193,11761963,79.8,11330632,76.9
2021-11-29,687,9699,618490,4197.7,31321,10000,21476,3,19749890,4197.7,11782588,80,11335593,76.9
2021-11-30,780,9987,619270,4203,31360,10005,35364,3.1,19785254,4203,11808766,80.1,11341034,77
2021-12-01,959,10211,620229,4209.5,31395,10012,38480,2.9,19823734,4209.5,11835185,80.3,11345900,77
2021-12-02,1031,10386,621260,4216.5,31427,10016,39748,2.9,19863482,4216.5,11860175,80.5,11350906,77
2021-12-03,1053,10654,622313,4223.6,31449,10024,36268,3.5,19899750,4223.6,11887888,80.7,11356819,77.1
2021-12-04,1184,10982,623497,4231.7,31467,10024,31735,3.2,19931485,4231.7,11919756,80.9,11361121,77.1
2021-12-05,887,11257,624384,4237.7,31492,10027,25981,3.5,19957466,4237.7,11938851,81,11363757,77.1
2021-12-06,928,11734,625312,4244,31512,10036,26136,3.8,19983602,4244,11953633,81.1,11368064,77.2
2021-12-07,1009,11964,626321,4250.9,31551,10044,38502,3.3,20022104,4250.9,11972627,81.3,11372598,77.2
2021-12-08,1290,12206,627611,4259.6,31575,10054,40242,3.5,20062346,4259.6,11990811,81.4,11376794,77.2
2021-12-09,1453,12655,629064,4269.5,31600,10065,39941,4.4,20102287,4269.5,12008351,81.5,11381264,77.2
2021-12-10,1607,13056,630671,4280.4,31635,10070,42205,4.6,20144492,4280.4,12028681,81.6,11386901,77.3
2021-12-11,1476,13645,632147,4290.4,31670,10078,38477,5.4,20182969,4290.4,12051329,81.8,11390915,77.3
2021-12-12,1536,14206,633683,4300.8,31689,10079,38331,5.5,20221300,4300.8,12062888,81.9,11393229,77.3
2021-12-13,1429,14820,635112,4310.5,31729,10084,33400,6.6,20254700,4310.5,12071847,81.9,11396946,77.4
2021-12-14,1808,15529,636920,4322.8,31761,10093,44726,6,20299426,4322.8,12084213,82,11401268,77.4
2021-12-15,2421,16251,639341,4339.2,31794,10102,54724,7,20354150,4339.2,12096609,82.1,11405368,77.4
2021-12-16,3124,17081,642465,4360.4,31831,10107,51636,8.2,20405786,4360.4,12108967,82.2,11409716,77.4
2021-12-17,3301,18294,645766,4382.8,31860,10111,54407,8.9,20460193,4382.8,12122470,82.3,11414475,77.5
2021-12-18,4177,20298,649943,4411.2,31885,10113,51151,8.7,20511344,4411.2,12140610,82.4,11418280,77.5
2021-12-19,3784,22264,653727,4436.9,31905,10113,44123,9.7,20555467,4436.9,12150905,82.5,11420933,77.5
2021-12-20,3453,24926,657180,4460.3,31927,10123,49285,9.9,20604752,4460.3,12163821,82.6,11425068,77.5
2021-12-21,4383,27729,661563,4490,31983,10133,55381,10.7,20660133,4490,12178194,82.7,11430065,77.6
2021-12-22,5790,30557,667353,4529.3,32032,10140,68191,16,20728324,4529.3,12189845,82.7,11434972,77.6
2021-12-23,9571,33730,676924,4594.3,32083,10146,72639,18.7,20800963,4594.3,12199256,82.8,11439348,77.6
2021-12-24,10412,37822,687336,4665,32126,10149,66489,19.2,20867452,4665,12203126,82.8,11441741,77.7
2021-12-25,9826,44341,697162,4731.7,32144,10156,56695,21.9,20924147,4731.7,12203501,82.8,11442011,77.7
2021-12-26,9418,53614,706580,4795.6,32179,10161,48479,24.5,20972626,4795.6,12204998,82.8,11443050,77.7
2021-12-27,8825,62574,715405,4855.5,32201,10168,53311,24.9,21025937,4855.5,12211116,82.9,11446879,77.7
2021-12-28,10436,69828,725841,4926.3,32245,10171,59259,26.9,21085196,4926.3,12220484,82.9,11451316,77.7
2021-12-29,13807,77623,739648,5020,32308,10179,67301,30.5,21152497,5020,12230621,83,11456507,77.8
2021-12-30,16713,85846,756361,5133.4,32408,10194,75093,29.8,21227590,5133.4,12240649,83.1,11462181,77.8
2021-12-31,18445,96014,774806,5258.6,32493,10206,69768,34.3,21297358,5258.6,12246021,83.1,11465974,77.8
2022-01-01,16714,109529,791520,5372.1,32559,10223,62002,32.4,21359360,5372.1,12246941,83.1,11466861,77.8
2022-01-02,13578,122943,805098,5464.2,32622,10229,54346,31.9,21413706,5464.2,12251696,83.2,11471402,77.9
2022-01-03,11352,137515,816450,5541.3,32714,10239,49737,30.9,21463443,5541.3,12257650,83.2,11476595,77.9
2022-01-04,11582,148416,828032,5619.9,32862,10252,59137,28.1,21522580,5619.9,12265226,83.2,11483756,77.9
2022-01-05,13339,157161,841371,5710.4,33044,10272,59241,29.2,21581821,5710.4,12272400,83.3,11490413,78
2022-01-06,11899,164211,853270,5791.2,33240,10315,61137,26.6,21642958,5791.2,12280340,83.3,11497262,78
2022-01-07,13362,171238,866632,5881.8,33434,10345,55700,30.6,21698658,5881.8,12288938,83.4,11503755,78.1
2022-01-08,11959,175928,878591,5963,33622,10366,49442,27.7,21748100,5963,12298753,83.5,11510830,78.1
2022-01-09,9706,178160,888297,6028.9,33800,10378,40692,26.7,21788792,6028.9,12303863,83.5,11515253,78.2
2022-01-10,7951,179734,896248,6082.9,33927,10399,45451,24.4,21834243,6082.9,12309991,83.5,11521653,78.2
2022-01-11,9783,181731,906031,6149.2,34114,10445,56420,20.3,21890663,6149.2,12318149,83.6,11529534,78.3
2022-01-12,9909,181135,915940,6216.5,34361,10480,58831,21.4,21949494,6216.5,12327357,83.7,11538640,78.3
2022-01-13,10964,180919,926904,6290.9,34636,10522,58031,21.8,22007525,6290.9,12338119,83.7,11548892,78.4
2022-01-14,10732,178629,937636,6363.8,34841,10565,56318,24.8,22063843,6363.8,12349126,83.8,11560471,78.5
2022-01-15,10450,173059,948086,6434.7,35062,10605,52676,22.7,22116519,6434.7,12358414,83.9,11570068,78.5
2022-01-16,8521,166494,956607,6492.5,35216,10628,37059,24.2,22153578,6492.5,12364372,83.9,11576577,78.6
2022-01-17,7086,158219,963693,6540.6,35419,10666,31355,24.5,22184933,6540.6,12366340,83.9,11578593,78.6
2022-01-18,5744,152858,969437,6579.6,35711,10726,34579,22,22219512,6579.6,12371928,84,11585171,78.6
2022-01-19,7757,148014,977194,6632.2,36073,10801,42907,15.9,22262419,6632.2,12378277,84,11592067,78.7
2022-01-20,7165,143320,984359,6680.9,36406,10865,41538,17.7,22303957,6680.9,12384503,84.1,11599997,78.7
2022-01-21,6473,137661,990832,6724.8,36749,10912,36396,15.9,22340353,6724.8,12393203,84.1,11611959,78.8
2022-01-22,5833,131721,996665,6764.4,37020,10968,32247,18.2,22372600,6764.4,12400531,84.2,11625859,78.9
2022-01-23,4790,125380,1001455,6796.9,37173,11004,20716,18.4,22393316,6796.9,12403729,84.2,11633741,79
2022-01-24,3424,118003,1004879,6820.1,37433,11068,20081,18.8,22413397,6820.1,12407486,84.2,11642015,79
2022-01-25,5368,112795,1010247,6856.6,37717,11160,33687,14.1,22447084,6856.6,12412391,84.2,11655088,79.1
2022-01-26,5852,107728,1016099,6896.3,38026,11230,33560,14.1,22480644,6896.3,12417313,84.3,11668234,79.2
2022-01-27,5337,103197,1021436,6932.5,38364,11298,32672,14.4,22513316,6932.5,12421990,84.3,11681779,79.3
2022-01-28,4855,98309,1026291,6965.5,38624,11354,29241,13.9,22542557,6965.5,12427555,84.3,11699365,79.4
2022-01-29,3960,92811,1030251,6992.3,38814,11412,23638,13.5,22566195,6992.3,12432598,84.4,11719891,79.5
2022-01-30,3043,87384,1033294,7013,38954,11444,15008,14.7,22581203,7013,12434786,84.4,11729711,79.6
2022-01-31,2622,80828,1035916,7030.8,39125,11504,16380,16.2,22597583,7030.8,12438043,84.4,11739295,79.7
2022-02-01,3909,74830,1039825,7057.3,39329,11576,27720,13.4,22625303,7057.3,12441885,84.4,11751611,79.8
2022-02-02,4098,70392,1043923,7085.1,39549,11651,28493,13.2,22653796,7085.1,12445499,84.5,11763042,79.8
2022-02-03,4047,67222,1047970,7112.6,39720,11711,25118,12,22678914,7112.6,12448437,84.5,11773507,79.9
2022-02-04,3204,64575,1051174,7134.3,39905,11770,22527,12.1,22701441,7134.3,12452194,84.5,11787847,80
2022-02-05,2887,61733,1054061,7153.9,40039,11825,17502,11.8,22718943,7153.9,12455827,84.5,11803919,80.1
2022-02-06,2088,57731,1056149,7168.1,40130,11836,12880,14.2,22731823,7168.1,12457520,84.5,11811689,80.2
2022-02-07,2092,55366,1058241,7182.3,40247,11878,15788,14.2,22747611,7182.3,12459867,84.6,11818865,80.2
2022-02-08,3162,52043,1061403,7203.8,40408,11944,22906,11.9,22770517,7203.8,12462634,84.6,11827693,80.3
2022-02-09,3201,50835,1064604,7225.5,40538,11988,22417,11.2,22792934,7225.5,12465402,84.6,11836437,80.3
2022-02-10,2907,49045,1067511,7245.2,40680,12040,20936,11.7,22813870,7245.2,12468127,84.6,11846646,80.4
2022-02-11,2944,47190,1070455,7265.2,40768,12075,18985,11.2,22832855,7265.2,12471087,84.6,11858021,80.5
2022-02-12,2265,44342,1072720,7280.6,40855,12093,13998,11.8,22846853,7280.6,12473891,84.7,11871081,80.6
2022-02-13,1765,42322,1074485,7292.5,40921,12101,9962,13,22856815,7292.5,12475070,84.7,11877146,80.6
2022-02-14,1593,40716,1076078,7303.4,41006,12120,12961,11.9,22869776,7303.4,12476441,84.7,11881799,80.6
2022-02-15,2532,39412,1078610,7320.5,41155,12167,19839,10.2,22889615,7320.5,12478188,84.7,11889435,80.7
2022-02-16,2327,38235,1080937,7336.3,41241,12204,18462,11,22908077,7336.3,12479865,84.7,11896875,80.7
2022-02-17,2337,37274,1083274,7352.2,41335,12237,17758,10.8,22925835,7352.2,12481207,84.7,11903372,80.8
2022-02-18,2244,35734,1085518,7367.4,41412,12247,14174,11.8,22940009,7367.4,12483073,84.7,11911622,80.8
2022-02-19,1966,33982,1087484,7380.8,41454,12264,16752,9.1,22956761,7380.8,12484580,84.7,11919537,80.9
2022-02-20,1335,33038,1088819,7389.8,41498,12279,8924,11.7,22965685,7389.8,12485502,84.7,11923175,80.9
2022-02-21,1282,31824,1090101,7398.5,41535,12288,15365,6.9,22981050,7398.5,12485915,84.7,11924649,80.9
2022-02-22,1425,31227,1091526,7408.2,41586,12306,15692,10.8,22996742,7408.2,12487227,84.8,11929373,81
2022-02-23,2404,30526,1093930,7424.5,41673,12347,21449,9.7,23018191,7424.5,12488613,84.8,11934520,81
2022-02-24,2427,29145,1096357,7441,41734,12386,21550,9.8,23039741,7441,12490002,84.8,11939582,81
2022-02-25,2338,27740,1098695,7456.9,41806,12420,16052,10.7,23055793,7456.9,12491377,84.8,11945413,81.1
2022-02-26,2001,27306,1100696,7470.4,41953,12430,15434,9.1,23071227,7470.4,12492756,84.8,11952714,81.1
2022-02-27,1315,26778,1102011,7479.4,41982,12433,12116,8.9,23083343,7479.4,12493351,84.8,11955191,81.1
2022-02-28,1176,26090,1103187,7487.3,42031,12451,13087,10.3,23096430,7487.3,12494286,84.8,11958274,81.2
2022-03-01,1959,25899,1105146,7500.6,42063,12478,18094,11.8,23114524,7500.6,12495410,84.8,11961758,81.2
2022-03-02,2262,25751,1107408,7516,42132,12497,16606,10.2,23131130,7516,12496469,84.8,11964911,81.2
2022-03-03,2085,25149,1109493,7530.1,42164,12525,15925,10.7,23147055,7530.1,12497440,84.8,11968282,81.2
2022-03-04,1930,24937,1111423,7543.2,42192,12549,14264,10.8,23161319,7543.2,12498701,84.8,11973175,81.3
2022-03-05,1787,24666,1113210,7555.4,42233,12570,12119,10.2,23173438,7555.4,12499758,84.8,11978629,81.3
2022-03-06,1074,24111,1114284,7562.7,42263,12574,9447,11.8,23182885,7562.7,12500199,84.8,11980435,81.3
2022-03-07,1208,23931,1115492,7570.9,42335,12591,11128,11.2,23194013,7570.9,12500876,84.8,11982309,81.3
2022-03-08,1947,23764,1117439,7584.1,42426,12618,17571,10.9,23211584,7584.1,12501788,84.8,11984985,81.3
2022-03-09,2125,23549,1119564,7598.5,42494,12638,14695,11.2,23226279,7598.5,12502826,84.9,11988140,81.4
2022-03-10,2130,23724,1121694,7613,42561,12227,14571,11.7,23240850,7613,12503712,84.9,11991464,81.4
2022-03-11,2015,24041,1123709,7626.6,42652,12247,13005,12.1,23253855,7626.6,12504793,84.9,11995527,81.4
2022-03-12,1631,23258,1125340,7637.7,42707,12256,11874,11.7,23265729,7637.7,12505908,84.9,12000439,81.4
2022-03-13,1116,23134,1126456,7645.3,42727,12256,7565,12.1,23273294,7645.3,12506368,84.9,12002626,81.5
2022-03-14,1076,22836,1127532,7652.6,42788,12272,9698,13,23282992,7652.6,-,-,-,-
2022-03-15,2011,22622,1129543,7666.2,42879,12288,15702,12,23298694,7666.2,-,-,-,-
2022-03-16,2398,22424,1131941,7682.5,42948,12307,14648,12.3,23313342,7682.5,-,-,-,-
2022-03-17,2502,22394,1134443,7699.5,42988,12313,14198,12.9,23327540,7699.5,-,-,-,-
2022-03-18,2078,22432,1136521,7713.6,43037,12329,12180,13.3,23339720,7713.6,-,-,-,-
2022-03-19,1680,22432,1138201,7725,43092,12332,10967,12,23350687,7725,-,-,-,-
2022-03-20,1217,22594,1139418,7733.2,43117,12336,8644,13.4,23359331,7733.2,-,-,-,-
2022-03-21,1447,22648,1140865,7743.1,43185,12343,10433,12.2,23369764,7743.1,-,-,-,-
2022-03-22,2149,22605,1143014,7757.7,43252,12356,18267,13.3,23388031,7757.7,-,-,-,-
2022-03-23,2561,22955,1145575,7775,43303,12366,15515,13.4,23403546,7775,-,-,-,-
2022-03-24,2761,22988,1148336,7793.8,43336,12388,17654,12.6,23421200,7793.8,-,-,-,-